Id,Purchase,PriceCH,PriceMM,DiscCH,DiscMM,SpecialCH,SpecialMM,STORE
1,CH,1.75,1.99,0,0,0,0,1
2,CH,1.75,1.99,0,0.3,0,1,1
3,CH,1.86,2.09,0.17,0,0,0,1
4,MM,1.69,1.69,0,0,0,0,1
5,CH,1.69,1.69,0,0,0,0,0
6,CH,1.69,1.99,0,0,0,1,0
7,CH,1.69,1.99,0,0.4,1,1,0
8,CH,1.75,1.99,0,0.4,1,0,0
9,CH,1.75,1.99,0,0.4,0,0,0
10,CH,1.75,1.99,0,0.4,0,0,0
11,CH,1.86,2.09,0,0,0,0,0
12,CH,1.86,2.13,0.27,0,0,0,0
13,CH,1.99,2.13,0,0.54,0,1,0
14,CH,1.86,2.13,0,0,0,0,0
15,CH,2.06,2.13,0,0,0,0,0
16,CH,2.06,2.13,0,0,0,0,0
17,MM,1.75,1.99,0,0.3,0,1,1
18,MM,1.86,2.18,0,0,0,1,2
19,MM,1.86,2.18,0,0,0,0,2
20,CH,1.86,2.18,0,0,0,0,0
21,CH,1.86,2.18,0,0,0,0,0
22,CH,1.76,2.18,0,0,0,0,1
23,CH,1.86,2.18,0,0,0,0,0
24,CH,1.86,2.13,0.37,0,1,0,0
25,CH,1.86,2.13,0,0,0,0,0
26,CH,1.86,2.13,0.27,0,1,0,0
27,CH,1.86,2.13,0,0,0,0,0
28,CH,1.86,2.13,0,0,0,0,0
29,CH,1.86,2.13,0.47,0.54,1,0,0
30,CH,2.06,2.13,0,0,0,0,0
31,CH,1.89,2.09,0,0,0,0,2
32,CH,1.86,2.13,0.37,0,1,0,0
33,MM,1.96,2.18,0,0.8,0,1,2
34,MM,1.69,1.69,0,0,1,0,2
35,CH,1.99,2.23,0,0,0,0,3
36,CH,1.99,2.29,0,0,0,0,3
37,CH,1.76,2.18,0,0,0,0,1
38,CH,1.99,2.13,0.24,0,0,0,1
39,CH,1.99,2.09,0.1,0.4,1,0,4
40,CH,1.79,1.79,0,0,0,1,4
41,CH,1.79,1.79,0,0,0,0,4
42,CH,1.79,1.79,0,0,0,0,4
43,CH,1.79,2.09,0,0,0,0,4
44,CH,1.79,2.09,0,0,0,0,4
45,MM,1.79,2.09,0,0,0,0,4
46,CH,1.79,2.23,0,0,0,0,4
47,CH,1.99,2.23,0,0,0,0,4
48,CH,1.99,2.23,0,0,0,0,4
49,CH,1.99,2.23,0,0,0,0,4
50,CH,1.99,2.23,0,0,0,0,4
51,MM,1.99,2.23,0,0,0,0,4
52,CH,1.99,2.23,0,0,0,0,4
53,CH,1.99,2.23,0,0,0,0,4
54,MM,1.99,2.29,0,0,1,0,4
55,CH,1.99,2.29,0,0,0,0,4
56,CH,1.99,2.29,0,0,0,0,4
57,CH,1.99,2.29,0,0.4,0,1,4
58,CH,1.99,2.29,0,0,0,0,4
59,CH,1.86,2.18,0,0,0,0,0
60,CH,1.99,2.29,0,0,0,0,4
61,CH,1.99,2.09,0,0,0,0,4
62,CH,1.99,2.09,0,0,0,0,4
63,MM,1.99,2.09,0.1,0,0,0,4
64,CH,1.99,2.09,0.1,0,0,0,4
65,CH,1.99,2.09,0.1,0,0,0,4
66,CH,1.99,2.09,0.1,0,0,0,4
67,MM,1.99,2.09,0.1,0,0,0,4
68,MM,1.99,2.09,0.1,0,0,0,4
69,CH,1.99,2.09,0,0.4,0,0,4
70,CH,1.99,2.09,0,0.4,0,0,4
71,CH,1.99,2.09,0,0.4,0,0,4
72,CH,2.09,2.09,0,0.4,0,0,4
73,CH,2.09,2.09,0.2,0.4,0,0,4
74,CH,2.09,2.09,0.2,0,0,0,4
75,CH,1.69,1.99,0,0,0,1,0
76,CH,1.79,2.09,0,0,0,0,4
77,CH,1.79,2.23,0,0,0,0,4
78,CH,1.99,2.23,0,0,0,0,4
79,CH,1.89,2.09,0.13,0,0,0,2
80,CH,1.99,2.29,0,0,0,0,4
81,CH,1.99,2.09,0,0,0,0,4
82,CH,1.99,2.09,0.1,0,0,0,4
83,CH,1.99,2.09,0.1,0,0,0,4
84,CH,1.99,2.09,0,0.4,0,0,4
85,CH,2.09,2.09,0,0.4,0,0,4
86,CH,1.99,2.18,0,0,0,1,2
87,CH,2.09,2.09,0.2,0.4,0,0,4
88,CH,1.99,2.23,0,0,0,0,4
89,CH,2.09,2.09,0,0.4,0,0,4
90,CH,2.09,2.09,0.2,0.4,0,0,3
91,CH,1.79,2.09,0,0,0,0,4
92,CH,1.99,2.09,0.1,0,0,0,4
93,CH,1.99,2.23,0,0,0,0,4
94,CH,1.86,2.09,0,0.2,0,0,0
95,CH,1.75,1.99,0,0.3,0,1,2
96,CH,1.99,2.18,0,0,0,0,2
97,CH,1.99,2.13,0.5,0,0,1,0
98,CH,1.69,1.69,0,0,0,0,2
99,CH,1.69,1.69,0,0,0,0,2
100,CH,1.69,1.99,0,0,0,0,2
101,CH,1.75,1.99,0,0,0,0,2
102,CH,1.75,1.99,0,0,0,0,2
103,CH,1.75,1.99,0,0.3,0,1,2
104,MM,1.75,1.99,0,0.3,0,1,2
105,CH,1.86,2.09,0,0,0,1,2
106,CH,1.89,2.09,0,0,0,0,2
107,CH,1.86,2.09,0.17,0,0,0,1
108,CH,1.89,2.09,0,0,0,0,2
109,CH,1.89,2.09,0,0,0,0,2
110,CH,1.89,2.09,0,0,0,0,2
111,CH,1.86,2.09,0,0,0,0,1
112,MM,1.99,2.23,0,0,0,0,3
113,CH,1.89,2.09,0.13,0,0,0,2
114,CH,1.89,2.09,0.13,0,0,0,2
115,CH,1.89,2.18,0.13,0,0,0,2
116,CH,1.99,2.29,0,0.4,0,1,3
117,CH,1.86,2.18,0,0,0,0,2
118,CH,1.86,2.18,0,0,0,0,2
119,CH,1.99,2.29,0,0,0,0,3
120,CH,1.86,2.18,0,0.4,0,1,2
121,CH,1.86,2.18,0,0.7,0,0,2
122,CH,1.76,1.99,0,0,0,0,1
123,CH,1.86,2.18,0,0,0,0,2
124,CH,1.86,2.18,0,0,0,1,2
125,MM,1.86,2.18,0,0,0,0,2
126,CH,1.86,2.18,0,0,0,0,2
127,CH,1.86,1.99,0,0.1,0,0,1
128,CH,1.86,2.18,0,0,0,0,2
129,CH,1.86,2.18,0,0.4,0,1,2
130,CH,1.86,2.18,0,0,0,0,2
131,CH,1.86,2.18,0,0,0,0,1
132,CH,1.86,2.18,0,0.06,0,0,2
133,CH,1.86,2.18,0,0.06,0,0,2
134,CH,1.86,2.13,0,0.54,0,0,0
135,CH,1.86,2.18,0,0,0,0,1
136,CH,1.96,2.18,0,0.8,0,1,2
137,CH,1.96,2.18,0,0.8,0,1,2
138,CH,1.99,2.13,0,0.54,0,1,0
139,CH,1.99,2.18,0,0,0,0,2
140,CH,1.99,2.23,0,0,0,0,3
141,CH,1.75,1.99,0,0,0,0,1
142,CH,1.99,2.23,0,0,0,0,4
143,MM,1.99,2.29,0,0,0,0,4
144,MM,1.86,2.13,0,0.24,0,0,0
145,CH,2.09,2.09,0.2,0.4,0,0,4
146,MM,1.75,1.99,0,0.4,1,0,0
147,MM,1.75,1.99,0,0.4,0,0,0
148,MM,1.86,2.09,0,0.2,0,0,0
149,MM,1.86,2.09,0,0.2,0,0,0
150,MM,1.86,2.09,0,0.2,0,0,0
151,MM,1.86,2.09,0.1,0,0,0,0
152,MM,1.99,2.13,0.5,0,0,1,0
153,CH,1.79,1.79,0,0,0,0,4
154,CH,1.79,1.79,0,0,0,0,3
155,CH,1.79,1.79,0,0,0,0,3
156,CH,1.69,1.99,0,0,0,0,1
157,CH,1.99,2.09,0,0,0,0,4
158,CH,1.99,2.09,0.1,0,0,0,4
159,CH,1.99,2.09,0.1,0,0,0,4
160,CH,1.99,2.09,0.1,0,0,0,4
161,CH,1.99,2.09,0.1,0,0,0,4
162,CH,1.99,2.09,0.1,0,0,0,4
163,CH,1.86,2.18,0,0,0,0,1
164,CH,1.99,2.09,0.1,0.4,1,0,4
165,CH,1.99,2.09,0,0.4,0,0,4
166,CH,1.99,2.09,0,0.4,0,0,4
167,CH,2.09,2.09,0.2,0.4,0,0,4
168,CH,2.09,2.09,0.2,0.4,0,0,4
169,CH,2.09,2.09,0.2,0,0,0,3
170,CH,1.86,2.18,0,0,0,0,2
171,CH,1.69,1.69,0,0.2,0,1,0
172,CH,1.69,1.99,0,0,0,1,0
173,CH,1.79,1.79,0,0,0,0,4
174,CH,1.79,2.09,0,0,0,0,4
175,CH,1.79,2.09,0,0,0,0,0
176,CH,1.79,2.23,0,0,0,0,4
177,CH,1.86,2.09,0,0,0,0,0
178,CH,1.99,2.23,0,0,0,0,4
179,CH,1.86,2.09,0,0.2,0,0,0
180,CH,1.99,2.23,0,0,0,0,4
181,CH,1.99,2.23,0,0,0,0,4
182,CH,1.86,2.09,0,0,0,0,0
183,CH,1.99,2.23,0,0,0,0,4
184,CH,1.99,2.29,0,0,1,0,4
185,CH,1.99,2.29,0,0,0,0,4
186,CH,1.99,2.29,0,0.4,0,1,4
187,CH,1.99,2.09,0,0,0,0,4
188,CH,1.99,2.09,0,0,0,0,4
189,CH,1.99,2.09,0,0,0,0,4
190,CH,1.99,2.09,0.1,0,0,0,4
191,CH,1.99,2.09,0.1,0,0,0,4
192,CH,1.86,2.13,0.37,0,1,0,0
193,CH,1.86,2.13,0,0,1,0,0
194,CH,1.86,2.13,0.27,0,1,0,0
195,CH,1.99,2.09,0.1,0.4,1,0,4
196,CH,1.99,2.09,0,0.4,0,0,4
197,CH,1.99,2.09,0,0.4,0,0,4
198,CH,1.99,2.13,0,0.54,1,0,0
199,CH,2.09,2.09,0.2,0.4,0,0,4
200,CH,1.99,2.13,0.5,0,0,1,0
201,CH,2.09,2.09,0.2,0,0,0,4
202,MM,1.69,1.69,0,0.2,0,1,0
203,CH,1.69,1.99,0,0,0,1,0
204,CH,1.69,1.99,0,0,0,0,0
205,CH,1.75,1.99,0,0.4,1,0,0
206,CH,1.75,1.99,0,0.4,0,0,0
207,CH,1.86,2.09,0,0,0,0,0
208,CH,1.86,2.09,0,0,0,0,0
209,CH,1.86,2.09,0.1,0,0,0,0
210,CH,1.86,2.18,0,0,0,0,0
211,CH,1.86,2.18,0,0,0,0,0
212,CH,1.86,2.18,0,0,0,0,0
213,CH,1.86,2.13,0,0.24,0,0,0
214,CH,1.86,2.13,0.27,0,0,0,0
215,CH,1.86,2.13,0.37,0,1,0,0
216,CH,1.86,2.13,0.37,0,1,0,0
217,CH,1.86,2.13,0.37,0,1,0,0
218,CH,1.86,2.13,0,0,1,0,0
219,CH,1.86,2.13,0.27,0,1,0,0
220,CH,1.86,2.13,0,0,0,0,0
221,CH,1.96,2.18,0,0.8,0,1,2
222,MM,1.69,1.69,0,0,0,0,1
223,CH,1.69,1.99,0,0,0,0,1
224,MM,1.86,1.99,0,0.8,0,1,1
225,CH,1.76,2.09,0,0,0,0,1
226,MM,1.76,2.09,0,0,0,0,1
227,MM,1.99,2.23,0,0,0,0,3
228,MM,1.99,2.23,0,0,0,0,3
229,MM,1.99,2.23,0,0,0,0,3
230,CH,1.86,2.13,0.47,0.54,1,0,0
231,MM,1.99,2.13,0,0.54,0,1,0
232,CH,1.69,1.69,0,0,0,0,0
233,CH,1.75,1.99,0,0.4,1,0,0
234,MM,1.75,1.99,0,0.4,1,0,0
235,CH,1.75,1.99,0,0.4,0,0,0
236,CH,1.79,2.09,0,0,0,0,3
237,CH,1.79,2.09,0,0,0,0,3
238,CH,1.86,2.09,0,0,0,0,0
239,CH,1.86,2.09,0,0,0,0,0
240,CH,1.86,2.18,0,0,0,0,0
241,CH,1.86,2.18,0,0,0,0,0
242,CH,1.86,2.18,0,0,0,0,0
243,CH,1.86,2.18,0,0,0,0,0
244,CH,1.86,2.13,0,0.24,0,0,0
245,CH,1.86,2.13,0,0.24,0,0,0
246,CH,1.86,2.13,0,0,0,0,0
247,CH,1.86,2.13,0.37,0,1,0,0
248,CH,1.86,2.13,0.37,0,1,0,0
249,CH,1.86,2.13,0,0,0,0,0
250,CH,1.86,2.13,0,0,0,0,0
251,CH,1.86,2.13,0.27,0,1,0,0
252,CH,1.86,2.13,0.27,0,1,0,0
253,CH,1.86,2.13,0,0,0,0,0
254,CH,1.86,2.13,0,0,0,0,0
255,MM,1.99,2.13,0,0.54,1,0,0
256,CH,1.69,1.69,0,0.2,0,1,0
257,CH,1.69,1.99,0,0.4,1,1,0
258,CH,1.86,2.18,0,0,0,0,2
259,MM,1.99,2.09,0.1,0,0,0,3
260,MM,1.86,2.18,0,0,0,0,2
261,MM,1.86,2.18,0,0.4,0,1,2
262,CH,1.86,2.18,0,0,0,0,2
263,CH,1.86,2.18,0,0.06,0,0,2
264,CH,1.86,2.18,0,0.06,0,0,2
265,CH,1.99,2.18,0,0,0,1,2
266,CH,1.99,2.18,0,0,0,0,2
267,MM,1.86,2.18,0,0.4,0,1,2
268,MM,1.79,1.79,0,0,0,0,3
269,MM,1.79,2.09,0,0,0,0,3
270,MM,1.86,2.18,0,0,0,0,2
271,MM,1.86,2.18,0,0.06,0,0,2
272,MM,2.09,2.09,0.2,0.4,0,0,3
273,MM,2.09,2.09,0.2,0,0,0,3
274,MM,1.79,1.79,0,0,0,0,3
275,MM,1.79,2.09,0,0,0,0,3
276,MM,1.79,2.23,0,0,0,0,3
277,MM,1.79,2.23,0,0,0,0,3
278,MM,1.79,2.23,0,0,0,0,3
279,MM,1.79,2.23,0,0,0,0,3
280,MM,1.99,2.23,0,0,0,0,3
281,MM,1.99,2.23,0,0,0,0,3
282,MM,1.99,2.23,0,0,0,0,3
283,MM,1.99,2.23,0,0,0,0,3
284,MM,1.99,2.23,0,0,0,0,3
285,MM,1.99,2.23,0,0,0,0,3
286,MM,1.99,2.23,0,0,0,0,3
287,MM,1.99,2.29,0,0,0,0,3
288,MM,1.99,2.09,0,0,0,0,3
289,MM,1.99,2.09,0,0,0,0,3
290,MM,1.99,2.09,0.1,0,0,0,3
291,MM,1.99,2.09,0.1,0,0,0,3
292,MM,1.99,2.09,0.1,0,0,0,3
293,MM,1.86,2.18,0,0,0,0,2
294,MM,1.86,2.18,0,0.06,0,0,2
295,MM,1.96,2.18,0,0.8,0,1,2
296,MM,2.09,2.09,0.2,0.4,0,0,3
297,CH,1.69,1.69,0,0,0,0,2
298,MM,1.69,1.69,0,0,0,0,2
299,MM,1.69,1.69,0.3,0,1,0,2
300,MM,1.69,1.69,0,0,0,0,2
301,CH,1.79,2.09,0,0,0,0,3
302,MM,1.75,1.99,0,0.3,0,1,2
303,MM,1.75,1.99,0.16,0.3,0,1,2
304,CH,1.89,2.09,0,0,0,0,2
305,MM,1.99,2.23,0,0,0,0,3
306,MM,1.89,2.18,0.13,0,0,0,2
307,MM,1.86,2.18,0,0.6,0,1,2
308,MM,1.86,2.18,0,0,0,1,2
309,CH,1.99,2.09,0.1,0,0,0,3
310,CH,1.86,2.18,0,0,0,0,2
311,CH,1.86,2.18,0,0.06,0,0,2
312,CH,1.86,2.18,0,0.06,0,0,2
313,CH,1.96,2.18,0,0.8,0,1,2
314,CH,1.99,2.18,0,0,0,1,2
315,CH,1.99,2.18,0,0,0,1,2
316,CH,1.99,2.18,0,0,0,0,2
317,MM,1.79,2.09,0,0,0,0,3
318,CH,1.79,2.23,0,0,0,0,3
319,CH,1.99,2.23,0,0,0,0,3
320,CH,1.99,2.23,0,0,0,0,3
321,CH,1.99,2.29,0,0.4,0,1,3
322,CH,1.99,2.09,0.1,0,0,0,3
323,MM,1.99,2.09,0.1,0.4,1,0,3
324,CH,1.99,2.09,0.1,0.4,1,0,3
325,MM,1.69,1.69,0,0.2,0,0,1
326,CH,1.69,1.69,0.3,0.2,1,0,1
327,CH,1.76,2.09,0,0,0,0,1
328,CH,1.86,1.99,0,0.1,0,0,1
329,MM,1.99,2.09,0.1,0,0,0,4
330,CH,1.86,2.13,0,0,0,0,0
331,MM,1.76,1.99,0,0.4,0,1,1
332,MM,1.86,1.99,0,0.1,0,0,1
333,MM,1.69,1.69,0,0.2,0,1,0
334,MM,1.75,1.99,0,0.4,0,0,0
335,MM,1.75,1.99,0,0.4,0,0,0
336,MM,1.75,1.99,0,0.4,0,0,0
337,MM,1.86,2.09,0,0,0,0,0
338,MM,1.86,2.18,0,0,0,0,0
339,MM,1.86,2.18,0,0,0,0,0
340,CH,1.75,1.99,0,0.4,1,0,0
341,CH,1.86,2.09,0.1,0,0,0,0
342,CH,1.86,2.09,0.1,0,0,0,0
343,CH,1.76,2.09,0,0,0,0,1
344,CH,1.86,2.13,0,0.24,0,0,0
345,CH,1.86,2.13,0,0.24,0,0,0
346,CH,1.86,2.13,0.27,0,0,0,0
347,CH,1.86,2.13,0.37,0,1,0,0
348,CH,1.86,2.13,0,0,1,0,0
349,CH,1.86,2.13,0,0,0,0,0
350,CH,1.86,2.13,0.27,0,1,0,0
351,CH,1.99,2.13,0.5,0,0,1,0
352,CH,2.06,2.13,0,0,0,0,0
353,CH,1.79,1.79,0,0,0,0,4
354,MM,1.99,2.09,0,0.4,0,0,4
355,MM,1.79,1.79,0,0,0,1,4
356,MM,1.79,1.79,0,0,0,0,4
357,MM,1.79,1.79,0,0,0,0,4
358,MM,1.99,2.23,0,0,0,0,4
359,CH,1.99,2.09,0.1,0,0,0,4
360,CH,1.99,2.09,0,0,0,0,4
361,MM,1.99,2.13,0,0.54,1,0,0
362,MM,1.86,2.18,0,0,0,0,0
363,MM,1.86,2.13,0,0.24,0,0,0
364,MM,1.79,2.23,0,0,0,0,4
365,MM,1.86,2.09,0,0,0,0,1
366,MM,1.75,1.99,0,0.4,1,0,0
367,MM,1.99,2.29,0,0,0,0,3
368,MM,1.86,2.18,0,0,0,0,2
369,CH,1.86,2.13,0.37,0,1,0,0
370,CH,1.86,2.18,0,0,0,0,2
371,MM,1.86,1.99,0,0.2,0,1,1
372,MM,1.96,2.18,0,0.8,0,1,2
373,CH,1.86,2.13,0.47,0.54,1,0,0
374,MM,1.69,1.69,0,0,0,0,1
375,MM,1.75,1.99,0,0,0,0,2
376,CH,1.76,2.18,0,0,0,0,1
377,MM,1.69,1.69,0,0,0,0,2
378,MM,1.69,1.69,0,0,0,0,2
379,MM,1.75,1.99,0,0,0,0,2
380,MM,1.75,1.99,0.16,0.3,0,1,2
381,CH,1.89,2.09,0.13,0,0,0,2
382,CH,1.86,2.18,0,0,0,0,2
383,MM,1.86,2.18,0,0.7,0,0,2
384,CH,1.69,1.69,0,0,0,1,0
385,MM,1.69,1.69,0,0,0,0,2
386,MM,1.69,1.69,0,0,0,0,2
387,MM,1.69,1.69,0,0,0,0,2
388,MM,1.69,1.99,0,0,0,1,0
389,MM,1.69,1.69,0,0,0,0,2
390,CH,1.75,1.99,0,0.4,0,0,0
391,MM,1.75,1.99,0,0,0,0,2
392,MM,1.75,1.99,0,0,0,0,2
393,MM,1.75,1.99,0,0,0,0,2
394,CH,1.79,2.09,0,0,0,0,0
395,MM,1.86,2.09,0,0,0,0,0
396,MM,1.75,1.99,0.16,0.3,0,1,2
397,CH,1.86,2.18,0,0,0,0,0
398,MM,1.86,2.18,0,0,0,0,0
399,CH,1.86,2.13,0.37,0,1,0,0
400,MM,1.86,2.13,0,0,0,0,0
401,MM,1.99,2.09,0,0.4,0,0,3
402,MM,1.86,2.18,0,0.06,0,0,2
403,MM,1.86,2.13,0.47,0.54,1,0,0
404,MM,1.96,2.18,0,0.8,0,1,2
405,MM,1.99,2.13,0,0.54,1,0,0
406,MM,1.99,2.13,0,0.54,0,1,0
407,MM,1.69,1.69,0,0,0,0,1
408,MM,1.75,1.99,0,0,0,0,1
409,CH,1.86,1.99,0,0.8,0,1,1
410,MM,1.86,2.18,0,0,0,0,0
411,MM,1.86,2.13,0,0.24,0,0,0
412,MM,1.79,1.79,0,0,0,0,3
413,MM,1.75,1.99,0,0.4,1,0,0
414,MM,1.79,2.09,0,0,0,0,3
415,MM,1.79,2.09,0,0,0,0,3
416,MM,1.79,2.23,0,0,0,0,3
417,MM,1.86,2.09,0,0.2,0,0,0
418,MM,1.99,2.29,0,0.4,0,1,3
419,MM,1.86,2.18,0,0,0,0,2
420,MM,1.99,2.29,0,0,0,0,3
421,MM,1.99,2.09,0,0,0,0,3
422,MM,1.99,2.09,0,0,0,0,3
423,CH,1.69,1.69,0,0,1,0,2
424,CH,1.69,1.99,0,0,0,0,2
425,CH,1.99,2.23,0,0,0,0,3
426,CH,2.09,2.09,0.2,0.4,0,0,3
427,CH,1.99,2.09,0,0,0,0,4
428,CH,1.86,2.13,0.37,0,1,0,0
429,MM,1.86,2.13,0.37,0,1,0,0
430,MM,1.99,2.09,0.1,0,0,0,4
431,MM,1.99,2.09,0.1,0,0,0,4
432,MM,1.86,2.13,0,0,0,0,0
433,CH,1.75,1.99,0,0.4,1,0,0
434,MM,1.86,1.99,0,0.8,0,1,1
435,MM,1.99,2.29,0,0.4,0,1,4
436,MM,1.76,1.99,0,0,0,0,1
437,CH,1.76,1.99,0,0.1,0,0,1
438,MM,1.96,2.13,0,0.74,0,1,1
439,MM,1.86,1.99,0,0.8,0,1,1
440,CH,1.76,2.09,0,0,0,0,1
441,CH,1.76,2.18,0,0,0,0,1
442,CH,1.76,2.18,0,0,0,0,1
443,CH,1.76,2.18,0,0,0,0,1
444,CH,1.76,1.99,0,0,0,0,1
445,CH,1.86,1.99,0,0.1,0,0,1
446,MM,1.96,2.13,0,0.74,0,1,1
447,CH,1.75,1.99,0,0.4,1,0,0
448,CH,1.86,2.18,0,0,0,0,0
449,MM,1.99,2.09,0,0,0,0,3
450,MM,1.86,2.18,0,0.6,0,1,2
451,MM,1.86,2.18,0,0,0,1,2
452,CH,1.86,2.13,0.37,0,1,0,0
453,CH,1.86,2.18,0,0.4,0,1,2
454,CH,1.86,2.18,0,0,0,1,2
455,MM,1.99,2.09,0.1,0.4,1,0,3
456,CH,1.86,2.18,0,0.06,0,0,2
457,CH,1.86,2.13,0.47,0.54,1,0,0
458,MM,1.99,2.13,0,0.54,1,0,0
459,MM,1.96,2.18,0,0.8,0,1,2
460,MM,2.09,2.09,0.2,0.4,0,0,3
461,MM,1.89,2.09,0,0,0,0,2
462,CH,1.79,1.79,0,0,0,1,4
463,CH,1.69,1.69,0,0,0,0,0
464,CH,1.86,2.18,0,0,0,0,0
465,CH,1.86,2.13,0.37,0,1,0,0
466,CH,1.86,2.13,0,0,1,0,0
467,CH,1.86,2.13,0.27,0,1,0,0
468,CH,1.86,2.13,0,0,0,0,0
469,CH,1.86,2.13,0,0,0,0,0
470,CH,1.86,2.13,0.47,0.54,1,0,0
471,CH,1.86,2.13,0.47,0.54,1,0,0
472,MM,1.96,2.18,0,0.8,0,1,2
473,MM,1.99,2.13,0,0.54,0,1,0
474,CH,1.99,2.13,0.5,0,0,1,0
475,MM,1.86,2.09,0,0,0,0,0
476,CH,1.86,2.09,0.1,0,0,0,0
477,CH,1.86,2.13,0.37,0,1,0,0
478,CH,1.86,2.13,0.37,0,1,0,0
479,CH,1.86,2.13,0,0,1,0,0
480,CH,1.86,2.13,0.27,0,1,0,0
481,CH,1.86,2.13,0.47,0.54,1,0,0
482,CH,1.89,2.09,0.13,0,0,0,2
483,CH,1.89,2.18,0.13,0,0,0,2
484,CH,1.86,2.18,0,0,0,0,2
485,CH,1.79,2.09,0,0,0,0,3
486,CH,1.79,2.09,0,0,0,0,3
487,CH,1.75,1.99,0,0,0,0,2
488,CH,1.75,1.99,0,0,0,0,2
489,CH,1.79,2.23,0,0,0,0,3
490,CH,1.75,1.99,0,0.3,0,1,2
491,CH,1.79,2.23,0,0,0,0,3
492,CH,1.75,1.99,0.16,0.3,0,1,2
493,CH,1.99,2.23,0,0,0,0,3
494,CH,1.99,2.23,0,0,0,0,3
495,MM,1.99,2.09,0.1,0,0,0,3
496,MM,1.69,1.69,0,0,1,0,2
497,MM,1.86,2.18,0,0.6,0,1,2
498,MM,1.86,2.18,0,0.4,0,1,2
499,MM,1.96,2.18,0,0.8,0,1,2
500,MM,1.99,2.13,0,0.54,0,1,0
501,CH,1.79,1.79,0,0,0,0,3
502,CH,1.79,2.09,0,0,0,0,3
503,CH,1.79,2.09,0,0,0,0,3
504,CH,1.79,2.23,0,0,0,0,3
505,CH,1.99,2.23,0,0,0,0,3
506,CH,1.99,2.23,0,0,0,0,3
507,CH,1.99,2.23,0,0,0,0,3
508,CH,1.99,2.23,0,0,0,0,3
509,CH,1.99,2.29,0,0,0,0,3
510,CH,1.99,2.29,0,0,0,0,3
511,CH,1.99,2.09,0,0,0,0,3
512,CH,1.99,2.09,0,0,0,0,3
513,CH,1.99,2.09,0.1,0,0,0,3
514,CH,1.99,2.09,0.1,0,0,0,3
515,CH,1.99,2.09,0.1,0.4,1,0,3
516,CH,1.99,2.09,0,0.4,0,0,3
517,CH,2.09,2.09,0.2,0.4,0,0,3
518,CH,2.09,2.09,0.2,0,0,0,3
519,CH,1.69,1.69,0.3,0,1,0,2
520,CH,1.86,2.18,0,0,0,0,2
521,CH,1.86,2.18,0,0.4,0,1,2
522,MM,1.96,2.18,0,0.8,0,1,2
523,MM,1.86,1.99,0,0.3,0,1,1
524,MM,1.99,2.13,0.5,0,0,1,0
525,MM,1.76,1.99,0,0.4,0,1,1
526,MM,1.76,1.99,0,0.4,0,1,1
527,CH,1.99,2.23,0,0,0,0,3
528,CH,1.89,2.09,0,0,0,0,2
529,CH,1.89,2.09,0,0,0,0,2
530,CH,1.75,1.99,0,0.4,0,0,0
531,MM,1.75,1.99,0,0,0,0,2
532,CH,1.75,1.99,0,0.4,0,0,0
533,CH,1.79,2.09,0,0,0,0,4
534,CH,1.75,1.99,0,0.3,0,1,2
535,CH,1.86,2.18,0,0,0,0,0
536,CH,1.86,2.13,0.27,0,0,0,0
537,CH,1.86,2.13,0.37,0,1,0,0
538,CH,1.99,2.09,0.1,0,0,0,4
539,CH,1.86,2.18,0,0,0,0,0
540,MM,1.86,2.13,0.47,0.54,1,0,0
541,CH,1.86,2.13,0.47,0.54,1,0,0
542,CH,1.86,2.18,0,0,0,0,0
543,CH,1.86,2.13,0.47,0.54,1,0,0
544,MM,1.79,1.79,0,0,0,0,3
545,MM,1.69,1.69,0.3,0,1,0,2
546,MM,1.69,1.69,0,0,1,0,2
547,MM,1.69,1.99,0,0,0,0,2
548,MM,1.69,1.99,0,0,0,0,2
549,MM,1.75,1.99,0,0,0,0,2
550,MM,1.75,1.99,0,0.4,0,0,0
551,MM,1.75,1.99,0,0,0,0,2
552,MM,1.75,1.99,0,0.3,0,1,2
553,CH,1.86,1.99,0,0.3,0,1,1
554,MM,1.89,2.09,0,0,0,0,2
555,CH,1.89,2.09,0.13,0,0,0,2
556,CH,1.86,2.18,0,0,0,0,0
557,MM,1.96,2.13,0,0.74,0,1,1
558,MM,1.99,2.13,0,0,0,1,1
559,CH,1.75,1.99,0,0.4,1,0,0
560,CH,1.86,2.13,0.27,0,1,0,0
561,MM,1.89,2.09,0,0,0,0,2
562,CH,2.06,2.13,0,0,0,0,0
563,CH,1.79,1.79,0,0,0,0,4
564,CH,1.76,2.09,0,0,0,0,1
565,CH,1.86,2.13,0.37,0,1,0,0
566,MM,1.79,1.79,0,0,0,1,4
567,MM,1.75,1.99,0,0.4,1,0,0
568,CH,1.99,2.13,0.5,0,0,1,0
569,MM,1.86,2.09,0,0,0,0,1
570,MM,1.76,2.09,0,0,0,0,1
571,MM,1.79,2.09,0,0,0,0,3
572,CH,1.79,2.09,0,0,0,0,3
573,MM,1.79,2.23,0,0,0,0,3
574,CH,1.99,2.29,0,0,0,0,3
575,MM,1.99,2.29,0,0,0,0,3
576,CH,1.99,2.09,0.1,0,0,0,3
577,CH,1.69,1.99,0,0,0,1,0
578,CH,1.86,2.09,0,0,0,0,0
579,CH,1.86,2.13,0,0,0,0,0
580,CH,1.86,2.18,0,0,0,0,0
581,CH,1.86,2.18,0,0,0,0,0
582,CH,1.86,2.18,0,0,0,0,0
583,CH,1.86,2.13,0,0.24,0,0,0
584,CH,1.86,2.13,0.27,0,0,0,0
585,CH,1.86,2.13,0.37,0,1,0,0
586,CH,1.86,2.13,0.37,0,1,0,0
587,CH,1.86,2.13,0,0,0,0,0
588,CH,1.69,1.69,0.3,0.2,1,0,1
589,MM,1.75,1.99,0,0.4,1,0,0
590,CH,1.86,2.09,0.1,0,0,0,0
591,CH,1.86,2.09,0.1,0,0,0,0
592,CH,1.86,2.18,0,0,0,0,0
593,CH,1.86,2.18,0,0,0,0,0
594,CH,1.86,2.18,0,0,0,0,0
595,CH,1.86,2.18,0,0,0,0,0
596,CH,1.86,2.18,0,0,0,0,0
597,CH,1.86,2.18,0,0,0,0,0
598,CH,1.86,2.18,0,0,0,0,0
599,CH,1.86,2.18,0,0,0,0,0
600,CH,1.86,2.13,0,0.24,0,0,0
601,CH,1.86,2.13,0,0.24,0,0,0
602,CH,1.86,2.13,0,0.24,0,0,0
603,CH,1.86,2.13,0,0,0,0,0
604,CH,1.86,2.13,0,0,0,0,0
605,CH,1.86,2.13,0.37,0,1,0,0
606,CH,1.86,2.13,0.37,0,1,0,0
607,CH,1.86,1.99,0,0.1,0,0,1
608,CH,1.86,2.13,0,0,1,0,0
609,CH,1.86,2.13,0.27,0,1,0,0
610,CH,1.99,2.13,0.5,0,0,1,0
611,MM,1.86,2.09,0.1,0,0,0,0
612,CH,1.75,1.99,0,0.4,1,0,0
613,CH,1.86,2.18,0,0,0,0,0
614,CH,1.86,2.18,0,0,0,0,0
615,CH,1.86,2.13,0,0.24,0,0,0
616,CH,1.86,2.13,0,0,0,0,0
617,CH,1.86,2.13,0,0,0,0,0
618,CH,1.76,1.99,0,0.4,0,0,1
619,CH,1.76,1.99,0,0.1,0,0,1
620,CH,1.86,2.13,0,0,1,0,0
621,CH,1.86,2.13,0.27,0,1,0,0
622,CH,1.86,2.18,0,0,0,0,1
623,CH,1.86,2.18,0,0,0,0,1
624,CH,1.86,2.18,0,0,0,0,1
625,CH,1.86,2.18,0,0,0,0,1
626,CH,1.86,2.13,0,0.54,0,0,0
627,CH,1.86,2.13,0.47,0.54,1,0,0
628,MM,1.75,1.99,0.16,0.3,0,1,2
629,CH,1.89,2.18,0.13,0,0,0,2
630,MM,1.86,2.18,0,0.7,0,0,2
631,CH,1.99,2.23,0,0,0,0,3
632,CH,1.86,2.13,0.47,0.54,1,0,0
633,MM,1.86,1.99,0,0.3,0,1,1
634,CH,1.79,2.23,0,0,0,0,3
635,CH,1.79,2.23,0,0,0,0,3
636,CH,1.99,2.23,0,0,0,0,3
637,CH,1.99,2.09,0.1,0,0,0,3
638,CH,1.79,2.09,0,0,0,0,3
639,MM,1.99,2.23,0,0,0,0,3
640,MM,1.86,2.18,0,0.6,0,1,2
641,CH,1.79,2.09,0,0,0,0,3
642,MM,1.75,1.99,0,0,0,0,2
643,CH,1.75,1.99,0,0,0,0,2
644,CH,1.75,1.99,0,0,0,0,2
645,CH,1.79,2.23,0,0,0,0,3
646,CH,1.75,1.99,0,0.3,0,1,2
647,CH,1.79,2.23,0,0,0,0,3
648,CH,1.99,2.23,0,0,0,0,3
649,CH,1.99,2.23,0,0,0,0,3
650,CH,1.89,2.09,0,0,0,0,2
651,CH,1.89,2.09,0.13,0,0,0,2
652,CH,1.89,2.09,0.13,0,0,0,2
653,CH,1.86,2.18,0,0.7,0,0,2
654,CH,1.86,2.18,0,0,0,0,2
655,CH,1.99,2.09,0,0,0,0,3
656,CH,1.86,2.18,0,0,0,0,2
657,CH,1.86,2.18,0,0,0,0,2
658,CH,1.86,2.18,0,0,0,0,2
659,MM,1.86,2.18,0,0.06,0,0,2
660,CH,1.86,2.18,0,0.06,0,0,2
661,CH,1.76,2.09,0,0,0,0,1
662,CH,1.86,2.13,0.37,0,1,0,0
663,CH,1.86,2.13,0.37,0,1,0,0
664,CH,1.86,2.13,0,0,1,0,0
665,MM,1.69,1.69,0,0,0,0,2
666,MM,1.86,1.99,0,0.8,0,1,1
667,MM,1.89,2.18,0.13,0,0,0,2
668,MM,1.86,2.18,0,0.4,0,1,2
669,MM,1.86,2.18,0,0,0,0,2
670,CH,1.99,2.29,0,0,1,0,4
671,CH,1.76,1.99,0,0.2,0,0,1
672,CH,1.86,1.99,0,0.1,0,0,1
673,MM,1.86,1.99,0,0.2,0,1,1
674,MM,1.86,1.99,0,0.2,0,1,1
675,CH,1.86,2.18,0,0,0,0,1
676,CH,1.86,2.18,0,0,0,0,1
677,CH,1.96,2.13,0,0.74,0,1,1
678,MM,1.96,2.13,0,0.74,0,1,1
679,CH,1.99,2.13,0.24,0,0,0,1
680,MM,1.75,1.99,0,0.4,0,0,0
681,MM,1.86,2.09,0,0,0,0,0
682,MM,1.99,2.23,0,0,0,0,3
683,MM,1.86,2.09,0,0.2,0,0,0
684,MM,1.86,2.18,0,0,0,0,0
685,MM,1.86,2.18,0,0,0,0,0
686,MM,1.86,2.18,0,0,0,0,0
687,MM,1.86,2.13,0,0.24,0,0,0
688,MM,2.06,2.13,0,0,0,0,0
689,MM,1.79,1.79,0,0,0,1,3
690,MM,1.79,1.79,0,0,0,0,3
691,MM,1.79,1.79,0,0,0,0,3
692,MM,1.79,1.79,0,0,0,0,3
693,MM,1.79,1.79,0,0,0,0,3
694,MM,1.79,2.09,0,0,0,0,3
695,MM,1.79,2.09,0,0,0,0,3
696,MM,1.79,2.09,0,0,0,0,3
697,MM,1.79,2.09,0,0,0,0,3
698,MM,1.79,2.09,0,0,0,0,3
699,MM,1.79,2.23,0,0,0,0,3
700,MM,1.99,2.23,0,0,0,0,3
701,MM,1.99,2.23,0,0,0,0,3
702,MM,1.99,2.23,0,0,0,0,3
703,MM,1.99,2.23,0,0,0,0,3
704,MM,1.99,2.23,0,0,0,0,3
705,MM,1.99,2.29,0,0,1,0,3
706,MM,1.99,2.29,0,0,0,0,3
707,MM,1.99,2.29,0,0,0,0,3
708,MM,1.99,2.29,0,0.4,0,1,3
709,MM,1.99,2.29,0,0,0,0,3
710,MM,1.99,2.29,0,0,0,0,3
711,MM,1.99,2.09,0,0,0,0,3
712,MM,1.99,2.09,0,0,0,0,3
713,MM,1.99,2.09,0.1,0,0,0,3
714,MM,1.99,2.09,0.1,0,0,0,3
715,MM,1.99,2.09,0.1,0,0,0,3
716,MM,1.99,2.09,0.1,0,0,0,3
717,MM,1.99,2.09,0.1,0,0,0,3
718,MM,1.99,2.09,0.1,0,0,0,3
719,MM,1.99,2.09,0.1,0,0,0,3
720,MM,1.99,2.09,0.1,0,0,0,3
721,MM,1.99,2.09,0.1,0,0,0,3
722,MM,1.99,2.09,0.1,0.4,1,0,3
723,MM,1.99,2.09,0,0.4,0,0,3
724,MM,1.99,2.09,0,0.4,0,0,3
725,MM,1.99,2.09,0,0.4,0,0,3
726,MM,2.09,2.09,0,0.4,0,0,3
727,MM,2.09,2.09,0.2,0.4,0,0,3
728,CH,1.86,2.13,0.27,0,1,0,0
729,CH,1.86,2.13,0.27,0,1,0,0
730,CH,1.96,2.13,0,0.74,0,1,1
731,MM,1.99,2.09,0,0.4,0,0,4
732,MM,2.09,2.09,0,0.4,0,0,4
733,MM,2.09,2.09,0.2,0.4,0,0,4
734,MM,1.69,1.69,0,0.2,0,0,1
735,MM,1.86,1.99,0,0.3,0,1,1
736,CH,1.86,2.09,0,0,0,0,0
737,MM,1.79,1.79,0,0,0,0,3
738,MM,1.99,2.23,0,0,0,0,3
739,MM,1.99,2.23,0,0,0,0,3
740,CH,1.99,2.23,0,0,0,0,3
741,CH,1.99,2.29,0,0,0,0,3
742,CH,1.99,2.29,0,0,0,0,3
743,CH,1.99,2.29,0,0,0,0,3
744,CH,1.99,2.09,0.1,0.4,1,0,3
745,MM,2.09,2.09,0,0.4,0,0,3
746,CH,1.75,1.99,0,0.4,1,0,0
747,MM,1.76,1.99,0,0.4,0,1,1
748,MM,1.79,2.09,0,0,0,0,3
749,MM,1.75,1.99,0,0.4,0,0,0
750,CH,1.69,1.69,0,0,0,0,2
751,CH,1.69,1.69,0,0.2,0,1,0
752,CH,1.79,2.09,0,0,0,0,4
753,MM,1.69,1.99,0,0,1,0,1
754,CH,1.86,1.99,0,0.1,0,0,1
755,MM,1.86,1.99,0,0.3,0,1,1
756,CH,1.89,2.09,0,0,0,0,2
757,CH,1.86,2.18,0,0,0,0,1
758,MM,1.89,2.18,0.13,0,0,0,2
759,MM,1.86,2.18,0,0.4,0,1,2
760,MM,1.75,1.99,0,0,0,0,2
761,CH,1.99,2.23,0,0,0,0,3
762,CH,2.09,2.09,0.2,0,0,0,3
763,CH,1.89,2.09,0,0,0,0,2
764,CH,1.89,2.09,0.13,0,0,0,2
765,CH,1.89,2.18,0.13,0,0,0,2
766,CH,1.86,2.18,0,0.7,0,0,2
767,CH,1.86,2.18,0,0,0,0,2
768,CH,1.86,2.13,0.27,0,0,0,0
769,MM,2.06,2.13,0,0,0,0,0
770,MM,1.69,1.69,0,0,0,0,2
771,MM,1.69,1.69,0,0,0,0,2
772,MM,1.69,1.99,0,0,0,0,2
773,MM,1.86,2.09,0,0,0,0,2
774,MM,1.89,2.09,0,0,0,0,2
775,MM,1.89,2.09,0,0,0,0,2
776,CH,1.69,1.99,0,0.4,1,1,0
777,MM,1.86,2.18,0,0.4,0,1,2
778,MM,1.76,1.99,0,0.2,0,0,1
779,CH,1.99,2.18,0,0,0,1,2
780,CH,1.99,2.18,0,0,0,0,2
781,CH,1.69,1.99,0,0,1,0,1
782,CH,1.86,2.09,0,0,0,0,1
783,CH,1.86,2.09,0,0,0,0,1
784,MM,1.79,1.79,0,0,0,0,3
785,MM,1.79,2.09,0,0,0,0,3
786,MM,1.79,2.09,0,0,0,0,3
787,MM,1.79,2.09,0,0,0,0,3
788,CH,1.99,2.09,0,0.4,0,0,3
789,CH,1.86,2.13,0.47,0.54,1,0,0
790,MM,1.96,2.18,0,0.8,0,1,2
791,MM,1.79,2.23,0,0,0,0,3
792,CH,1.86,2.18,0,0.4,0,1,2
793,MM,1.75,1.99,0,0,0,0,1
794,MM,1.76,2.18,0,0,0,0,1
795,MM,1.76,1.99,0,0.2,0,1,1
796,MM,1.76,1.99,0,0.4,0,1,1
797,MM,1.76,1.99,0,0.4,0,1,1
798,MM,1.96,2.13,0,0.74,0,1,1
799,MM,1.86,2.09,0,0.2,0,0,0
800,MM,1.99,2.13,0,0.54,0,1,0
801,MM,1.99,2.13,0.5,0,0,1,0
802,CH,1.79,2.09,0,0,0,0,3
803,CH,1.79,2.23,0,0,0,0,3
804,CH,1.86,2.18,0,0,0,0,0
805,CH,1.76,2.18,0,0,0,0,1
806,CH,1.86,2.18,0,0,0,0,0
807,CH,1.86,2.18,0,0,0,0,0
808,CH,1.86,2.13,0,0,0,0,0
809,CH,1.86,2.13,0.37,0,1,0,0
810,CH,1.86,2.13,0.37,0,1,0,0
811,CH,1.86,2.13,0.37,0,1,0,0
812,CH,1.86,2.13,0.37,0,1,0,0
813,CH,1.86,2.13,0,0,1,0,0
814,CH,1.86,2.13,0,0,0,0,0
815,CH,1.86,2.13,0.27,0,1,0,0
816,CH,1.86,2.18,0,0,0,0,1
817,CH,1.86,2.13,0.27,0,1,0,0
818,CH,1.86,2.13,0,0,0,0,0
819,CH,1.86,2.13,0,0.54,0,0,0
820,CH,1.86,2.13,0.47,0.54,1,0,0
821,CH,1.99,2.13,0.5,0,0,1,0
822,CH,1.79,1.79,0,0,0,0,4
823,CH,1.79,1.79,0,0,0,0,4
824,CH,1.79,1.79,0,0,0,0,4
825,CH,1.79,2.09,0,0,0,0,4
826,CH,1.79,2.23,0,0,0,0,4
827,CH,1.99,2.23,0,0,0,0,4
828,CH,1.86,2.09,0,0,0,0,1
829,CH,1.99,2.23,0,0,0,0,4
830,CH,1.99,2.09,0.1,0,0,0,4
831,CH,1.99,2.09,0,0.4,0,0,4
832,MM,1.69,1.69,0,0,0,0,2
833,MM,1.79,2.09,0,0,0,0,3
834,MM,1.79,2.23,0,0,0,0,3
835,MM,1.99,2.23,0,0,0,0,3
836,MM,1.79,1.79,0,0,0,0,4
837,CH,1.99,2.23,0,0,0,0,4
838,MM,1.86,1.99,0,0.8,0,1,1
839,MM,1.86,2.18,0,0.6,0,1,2
840,MM,1.86,1.99,0,0.2,0,1,1
841,CH,1.86,2.18,0,0,0,1,2
842,MM,1.86,2.18,0,0,0,0,2
843,CH,1.86,2.18,0,0.06,0,0,2
844,MM,1.86,2.13,0.47,0.54,1,0,0
845,MM,1.96,2.18,0,0.8,0,1,2
846,MM,1.96,2.18,0,0.8,0,1,2
847,MM,1.96,2.18,0,0.8,0,1,2
848,MM,1.96,2.18,0,0.8,0,1,2
849,MM,1.75,1.99,0,0.4,1,0,0
850,CH,1.86,2.13,0.27,0,1,0,0
851,CH,1.69,1.99,0,0,1,0,1
852,CH,1.69,1.99,0,0,1,0,1
853,CH,1.69,1.99,0,0,0,0,1
854,CH,1.75,1.99,0,0,0,0,1
855,CH,1.86,2.09,0,0,0,0,0
856,CH,1.86,1.99,0,0.3,0,1,1
857,CH,1.86,2.09,0,0,0,0,1
858,CH,1.86,2.09,0.1,0,0,0,0
859,CH,1.86,2.09,0.1,0,0,0,0
860,CH,1.76,1.99,0,0.2,0,1,1
861,CH,1.86,2.13,0.47,0.54,1,0,0
862,MM,1.75,1.99,0,0.4,1,0,0
863,CH,1.86,2.18,0,0,0,0,0
864,CH,1.69,1.69,0,0,0,0,0
865,MM,1.69,1.99,0,0,0,0,0
866,CH,1.75,1.99,0,0.4,1,0,0
867,CH,1.75,1.99,0,0.4,0,0,0
868,MM,1.99,2.09,0,0,0,0,4
869,CH,1.86,2.13,0,0,0,0,0
870,CH,1.86,2.13,0.27,0,1,0,0
871,CH,1.86,2.13,0.47,0.54,1,0,0
872,MM,1.99,2.13,0,0.54,1,0,0
873,MM,1.99,2.13,0,0.54,0,1,0
874,CH,1.99,2.23,0,0,0,0,4
875,CH,1.99,2.23,0,0,0,0,4
876,CH,1.99,2.29,0,0,1,0,4
877,CH,1.99,2.29,0,0,0,0,4
878,MM,1.99,2.29,0,0,0,0,4
879,CH,1.99,2.09,0,0,0,0,4
880,CH,1.99,2.09,0,0,0,0,4
881,CH,1.99,2.09,0.1,0,0,0,4
882,CH,1.99,2.09,0.1,0,0,0,4
883,CH,2.09,2.09,0.2,0.4,0,0,4
884,MM,1.75,1.99,0,0.4,0,0,0
885,CH,1.75,1.99,0,0.4,1,0,0
886,MM,1.76,1.99,0,0.4,0,1,1
887,CH,1.86,2.13,0.37,0,1,0,0
888,CH,1.86,2.13,0.27,0,1,0,0
889,CH,1.86,2.18,0,0,0,0,1
890,CH,1.86,2.13,0.47,0.54,1,0,0
891,CH,1.86,2.09,0.1,0,0,0,0
892,CH,1.86,2.09,0.1,0,0,0,0
893,CH,1.86,2.18,0,0,0,0,0
894,CH,1.86,2.18,0,0,0,0,0
895,CH,1.86,2.18,0,0,0,0,0
896,CH,1.86,2.18,0,0,0,0,0
897,CH,1.86,2.18,0,0,0,0,0
898,CH,1.86,2.13,0,0.24,0,0,0
899,CH,1.86,2.13,0,0,0,0,0
900,CH,1.86,2.13,0.37,0,1,0,0
901,CH,1.86,2.13,0.37,0,1,0,0
902,CH,1.86,2.13,0.27,0,1,0,0
903,CH,1.86,2.13,0.47,0.54,1,0,0
904,MM,1.99,2.13,0,0.54,1,0,0
905,CH,1.99,2.13,0.5,0,0,1,0
906,MM,1.69,1.99,0,0,0,0,0
907,MM,1.75,1.99,0,0.4,1,0,0
908,CH,1.75,1.99,0,0,0,0,1
909,CH,1.86,2.09,0,0,0,0,1
910,CH,1.86,2.18,0,0,0,0,1
911,MM,1.96,2.13,0,0.74,0,1,1
912,MM,1.99,2.18,0,0,0,1,2
913,CH,1.75,1.99,0,0,0,0,2
914,MM,1.86,2.18,0,0.06,0,0,2
915,MM,1.89,2.09,0,0,0,0,2
916,MM,1.89,2.09,0,0,0,0,2
917,CH,1.89,2.09,0,0,0,0,2
918,MM,1.99,2.09,0.1,0,0,0,3
919,MM,1.99,2.13,0.24,0,0,0,1
920,CH,1.86,2.18,0,0,0,1,2
921,CH,1.86,2.13,0.27,0,1,0,0
922,CH,1.86,2.18,0,0,0,0,2
923,MM,1.86,2.18,0,0.06,0,0,2
924,MM,1.99,2.13,0,0.54,1,0,0
925,MM,1.99,2.13,0,0.54,0,1,0
926,MM,1.79,1.79,0,0,0,0,3
927,MM,1.79,1.79,0,0,0,0,3
928,MM,1.79,1.79,0,0,0,0,3
929,MM,1.79,2.09,0,0,0,0,3
930,MM,1.79,2.09,0,0,0,0,3
931,CH,1.99,2.23,0,0,0,0,3
932,CH,1.79,1.79,0,0,0,1,4
933,CH,1.99,2.23,0,0,0,0,4
934,CH,1.99,2.09,0,0.4,0,0,3
935,MM,1.69,1.69,0,0,0,0,2
936,MM,1.69,1.69,0,0,0,0,2
937,MM,1.69,1.69,0.3,0,1,0,2
938,MM,1.69,1.69,0,0,0,0,2
939,MM,1.75,1.99,0,0,0,0,2
940,MM,1.89,2.09,0,0,0,0,2
941,MM,1.89,2.09,0,0,0,0,2
942,MM,1.89,2.09,0.13,0,0,0,2
943,MM,1.89,2.18,0.13,0,0,0,2
944,MM,1.99,2.29,0,0,0,0,3
945,MM,1.89,2.18,0.13,0,0,0,2
946,MM,1.86,2.18,0,0,0,0,2
947,MM,1.86,2.18,0,0,0,0,0
948,MM,1.99,2.09,0,0,0,0,3
949,MM,1.86,2.18,0,0.6,0,1,2
950,MM,1.86,2.18,0,0,0,1,2
951,MM,1.86,2.18,0,0,0,0,2
952,MM,1.86,2.18,0,0,0,0,2
953,MM,1.86,2.18,0,0.4,0,1,2
954,MM,1.99,2.09,0.1,0,0,0,3
955,CH,1.86,2.18,0,0,0,0,2
956,CH,1.86,2.18,0,0,0,0,2
957,MM,1.99,2.09,0.1,0.4,1,0,3
958,MM,1.99,2.09,0,0.4,0,0,3
959,MM,1.96,2.18,0,0.8,0,1,2
960,MM,1.99,2.18,0,0,0,1,2
961,MM,1.99,2.18,0,0,0,0,2
962,MM,1.69,1.99,0,0,1,0,1
963,CH,1.69,1.69,0,0,0,0,1
964,MM,1.69,1.69,0,0,0,0,1
965,MM,1.69,1.69,0,0.2,0,0,1
966,CH,1.69,1.99,0,0,0,0,1
967,MM,1.75,1.99,0,0,0,0,1
968,MM,1.75,1.99,0,0,0,0,1
969,MM,1.75,1.99,0,0,0,0,1
970,MM,1.75,1.99,0,0.3,0,1,1
971,MM,1.75,1.99,0,0.3,0,1,1
972,MM,1.86,1.99,0,0.3,0,1,1
973,CH,1.86,1.99,0,0.3,0,1,1
974,MM,1.86,1.99,0,0.8,0,1,1
975,MM,1.86,2.09,0,0,0,0,1
976,MM,1.86,2.09,0,0,0,0,1
977,MM,1.96,2.13,0,0.74,0,1,1
978,MM,1.99,2.13,0,0,0,1,1
979,MM,1.99,2.13,0.24,0,0,0,1
980,MM,1.99,2.13,0.24,0,0,0,1
981,CH,1.75,1.99,0,0.4,1,0,0
982,CH,1.86,2.18,0,0,0,0,0
983,MM,1.76,1.99,0,0.4,0,1,1
984,CH,1.86,2.13,0.37,0,1,0,0
985,CH,1.86,2.13,0.37,0,1,0,0
986,CH,1.86,2.13,0.27,0,1,0,0
987,MM,1.96,2.13,0,0.74,0,1,1
988,CH,1.86,2.13,0.47,0.54,1,0,0
989,CH,1.99,2.09,0.1,0,0,0,3
990,MM,1.99,2.09,0.1,0.4,1,0,3
991,MM,1.86,2.09,0.1,0,0,0,0
992,MM,1.96,2.18,0,0.8,0,1,2
993,MM,1.69,1.69,0,0.2,0,1,0
994,MM,1.79,2.23,0,0,0,0,4
995,MM,1.99,2.23,0,0,0,0,4
996,MM,1.86,2.18,0,0,0,0,0
997,CH,1.69,1.69,0,0.2,0,1,0
998,MM,1.69,1.99,0,0,0,0,0
999,CH,1.86,2.18,0,0,0,0,0
1000,MM,1.99,2.13,0,0.54,1,0,0
1001,MM,1.69,1.69,0,0,0,0,2
1002,MM,1.86,2.18,0,0,0,1,2
1003,MM,1.79,1.79,0,0,0,1,3
1004,MM,1.79,2.09,0,0,0,0,3
1005,MM,1.79,2.09,0,0,0,0,3
1006,MM,1.99,2.09,0,0,0,0,3
1007,CH,1.99,2.09,0,0.4,0,0,3
1008,MM,1.99,2.09,0,0.4,0,0,3
1009,CH,1.69,1.69,0,0.2,0,1,0
1010,CH,1.69,1.99,0,0,0,1,0
1011,CH,1.69,1.99,0,0,0,0,0
1012,CH,1.69,1.99,0,0.4,1,1,0
1013,CH,1.75,1.99,0,0.4,1,0,0
1014,CH,1.75,1.99,0,0.4,1,0,0
1015,CH,1.69,1.99,0,0,0,0,1
1016,CH,1.75,1.99,0,0.4,0,0,0
1017,CH,1.75,1.99,0,0.4,0,0,0
1018,CH,1.75,1.99,0,0.4,0,0,0
1019,CH,1.86,2.09,0,0,0,0,0
1020,MM,1.86,2.09,0,0,0,0,0
1021,MM,1.86,2.09,0,0.2,0,0,0
1022,CH,1.89,2.09,0.13,0,0,0,2
1023,MM,1.99,2.29,0,0,1,0,4
1024,CH,1.89,2.18,0.13,0,0,0,2
1025,CH,1.99,2.29,0,0,0,0,4
1026,CH,1.86,2.13,0,0.24,0,0,0
1027,CH,1.86,2.13,0,0.24,0,0,0
1028,CH,1.76,1.99,0,0.2,0,0,1
1029,CH,1.86,2.13,0.27,0,0,0,0
1030,CH,1.86,2.13,0.37,0,1,0,0
1031,CH,1.86,2.13,0.37,0,1,0,0
1032,CH,1.99,2.09,0.1,0,0,0,4
1033,CH,1.86,2.13,0.27,0,1,0,0
1034,CH,1.99,2.09,0,0.4,0,0,4
1035,CH,1.99,2.13,0.5,0,0,1,0
1036,MM,1.69,1.69,0,0,0,0,1
1037,MM,1.69,1.69,0,0,0,0,1
1038,MM,1.69,1.99,0,0,0,0,1
1039,MM,1.69,1.99,0,0,0,0,1
1040,CH,1.75,1.99,0,0.4,0,0,0
1041,CH,1.75,1.99,0,0,0,0,1
1042,CH,1.75,1.99,0,0,0,0,1
1043,CH,1.75,1.99,0,0.3,0,1,1
1044,CH,1.75,1.99,0,0.3,0,1,1
1045,CH,1.86,1.99,0,0.3,0,1,1
1046,CH,1.76,2.09,0,0,0,0,1
1047,CH,1.76,2.09,0,0,0,0,1
1048,CH,1.76,2.18,0,0,0,0,1
1049,CH,1.76,2.18,0,0,0,0,1
1050,MM,1.69,1.69,0,0,0,0,0
1051,CH,1.69,1.99,0,0,0,1,0
1052,CH,1.69,1.99,0,0,0,0,0
1053,CH,1.75,1.99,0,0.4,0,0,0
1054,CH,1.75,1.99,0,0.4,0,0,0
1055,CH,1.86,2.09,0,0,0,1,2
1056,MM,1.69,1.69,0,0,0,0,1
1057,CH,1.69,1.69,0,0,0,0,0
1058,CH,1.69,1.99,0,0,1,0,1
1059,CH,1.75,1.99,0,0.4,1,0,0
1060,CH,1.69,1.99,0,0,0,0,1
1061,MM,1.75,1.99,0,0,0,0,1
1062,MM,1.86,1.99,0,0.3,0,1,1
1063,MM,1.86,2.09,0,0.2,0,0,0
1064,CH,1.76,2.09,0,0,0,0,1
1065,CH,1.86,2.09,0.1,0,0,0,0
1066,CH,1.86,2.09,0.1,0,0,0,0
1067,CH,1.86,2.18,0,0,0,0,0
1068,MM,1.86,2.18,0,0,0,0,0
1069,CH,1.86,2.13,0,0.24,0,0,0
1070,CH,1.86,2.18,0,0,0,0,1
